method,run,seed,best_value,best_vector,evaluations,generations
random_search,1,20260916,4.303151369043464,"[-14.582786000501116, 13.607381204800916, -28.913040826807148, 15.962519808212278, -6.708836355791533, -15.372754222940529]",3000,0
random_search,2,20260917,4.97142782207597,"[6.687217604889597, -37.468583143327415, 5.7845307948104505, -21.035783302542058, -21.03087390149861, -6.309462387650001]",3000,0
random_search,3,20260918,5.55883969920734,"[15.202907804729904, -15.705457770241594, 26.988513002777665, -24.25484326847848, 32.697615548002744, -7.8704175826817675]",3000,0
random_search,4,20260919,4.08364691622595,"[-12.705859328332437, 2.9099598451223017, 16.579684158344037, 5.140758577641293, 4.782570235144718, -21.955967256579285]",3000,0
random_search,5,20260920,6.327909091573035,"[-34.86844584063246, 12.380599996055125, -10.870799863232918, 23.460631445318384, 10.950257751706644, 9.194829586343431]",3000,0
random_search,6,20260921,5.8363778860560895,"[15.650287534663534, -6.595875833292382, 13.56398581833443, 50.7717007272189, -13.653374332209694, -4.658006211748258]",3000,0
random_search,7,20260922,5.086452972992976,"[13.668386128833944, 7.703105724087763, 6.961325575944784, 24.43094843893971, 33.669034283574405, -21.93894822322497]",3000,0
random_search,8,20260923,5.505557183422859,"[-27.213700796560516, -22.888731473426887, -19.876137558165283, -19.902816302770376, 9.798876850445808, -29.51564239184661]",3000,0
random_search,9,20260924,4.805905638696527,"[24.323962790199886, 14.245024401810099, 21.257479845923058, 26.14453666193684, -4.321752617074679, -0.4305533822995642]",3000,0
random_search,10,20260925,4.240439759014555,"[12.26703733111701, 12.847340048621803, 0.3365341504686796, 22.065547005150307, -12.877872257937156, 22.073525556416797]",3000,0
random_search,11,20260926,4.808079508252967,"[27.689395602812255, 11.148810393139158, -17.82310520804033, -12.923888655635679, -5.761364963676826, -13.165792814133752]",3000,0
random_search,12,20260927,5.297810597058912,"[-20.602258732022975, -27.40972823344714, 18.875590604604582, -10.680477414588424, -7.404956487713619, 13.009760154711913]",3000,0
random_search,13,20260928,5.1451974186599285,"[15.228376360466655, -16.39000046340675, 19.48269372646783, 10.450232709857872, 13.387130375668747, 32.47943441475712]",3000,0
random_search,14,20260929,4.204292144693743,"[3.0794042985284875, -27.393047549695154, -10.047041241117483, 2.0197572040907517, -22.85145231637928, 19.376706376988608]",3000,0
random_search,15,20260930,4.143043537040584,"[24.083486257296144, 5.824691368109214, 24.74371495493915, 1.5230766297246419, 20.3107815770464, 5.991856453217778]",3000,0
random_search,16,20260931,4.471346844300691,"[-10.800479154732031, 16.452705629071545, 6.147617235083786, -2.6224098895174706, 3.5202134302351595, 37.36628054191604]",3000,0
random_search,17,20260932,4.386941669833405,"[-18.798765714947436, 2.8244620124960136, 20.8717323595325, 13.26109321534301, -6.417731537655243, 5.259482369074405]",3000,0
random_search,18,20260933,4.130172755636611,"[-8.669578531249698, -0.2629818780376638, -9.835789921233811, -7.916107010099793, -23.74145186231253, -5.086117913181624]",3000,0
random_search,19,20260934,3.684107247276804,"[10.960502212924325, 0.570242154004589, 13.01633522849555, 10.350405530872024, -6.307976606225068, 29.389614531417294]",3000,0
random_search,20,20260935,4.048005663526766,"[-0.12305815337421677, 2.0888479048701214, -3.687915992360473, 22.766406105621755, -20.03553484804779, 24.005110708423686]",3000,0
wide_mutation,1,20270916,0.2260558105859457,"[0.1005022358240213, -0.4924553265369939, -1.7045447992112444, -0.9657134535547889, -0.21100411815572534, 0.04157692579572489]",3000,50
wide_mutation,2,20270917,0.19997607052512048,"[0.47364752814513533, -0.20559496644035236, 1.3749453754814875, -1.3010682261755198, -0.2536447838796921, 0.2580007299667465]",3000,50
wide_mutation,3,20270918,0.1999300740727836,"[0.08631553233149747, -0.039089875467251844, -0.18332696364573065, 1.758675339742989, -0.11470357084677382, 0.9134662780677456]",3000,50
wide_mutation,4,20270919,0.13718026531591931,"[0.5649775355014421, 0.38996135340837645, -0.05408992092257876, -0.40830191171683194, -0.4770446068092876, 0.20322071661879398]",3000,50
wide_mutation,5,20270920,0.30283853369299707,"[-1.2104196695793585, 0.03266365014550754, -1.7528107348237758, -1.109681473007348, -1.4185604939913925, -1.0626424977753826]",3000,50
wide_mutation,6,20270921,0.19991209774595456,"[-1.6691523169425126, 0.417875985340536, 0.2590087804706544, -0.9191638650177385, 0.31901891359405093, 0.14513068546087038]",3000,50
wide_mutation,7,20270922,0.3135699505232277,"[0.5283532312436023, -1.3254158900172002, 0.853829072159805, 1.711724144190736, -1.5182431787072068, 0.9095915482221848]",3000,50
wide_mutation,8,20270923,0.20056676184740843,"[-1.0243446138517114, -0.07265578316856611, 0.9375268330111851, -0.6307870052793896, 0.8547091013258428, -0.9509409985473553]",3000,50
wide_mutation,9,20270924,0.19987436476329584,"[0.07191339514035629, 0.9868755397308234, -0.6439729341082778, 0.14042557428434116, -1.310794293453018, -0.9258883256701851]",3000,50
wide_mutation,10,20270925,0.19993763887745622,"[-1.0887181654121982, 0.13587883266298728, 1.0912127447057365, 1.0704411632190023, 0.6644712910408324, 0.02801113084319779]",3000,50
wide_mutation,11,20270926,0.10342807173479074,"[-0.045906959538290576, 0.6470278598850814, 0.14675985317211168, -0.1517255874532334, 0.4830654617584811, -0.5192974362647336]",3000,50
wide_mutation,12,20270927,0.1998886822367044,"[-0.220785995515835, -0.6550766291319585, 1.093672089256024, 0.09640825772407982, 1.5038169572949698, 0.2039670663974194]",3000,50
wide_mutation,13,20270928,0.30163750221002367,"[-0.5439973479270228, 1.4754996106134561, 1.0482970736976767, 0.8463943652410038, -1.8765518051032004, 1.057550260245771]",3000,50
wide_mutation,14,20270929,0.19995789008123666,"[-0.6286889170666095, 0.004607535816364805, 1.2752113874197621, 0.6257414994956575, 1.237288357688614, 0.23297256915338926]",3000,50
wide_mutation,15,20270930,0.202531455921084,"[-0.4322593103427242, -0.8010905028273216, 0.52135421899549, -0.12426093946048451, 0.28284466923711515, 1.68538579416276]",3000,50
wide_mutation,16,20270931,0.30140108493338225,"[-0.33689754889121704, 1.9237091671219462, -0.4771072926244623, 1.2140544916272025, -0.8889186024543759, 1.6527960941284108]",3000,50
wide_mutation,17,20270932,0.20147836365656488,"[-0.6694296171045933, 1.3670997032652121, -0.29710271569695434, 0.8042671447875804, 0.3823657194758361, -0.90970514540337]",3000,50
wide_mutation,18,20270933,0.19989464725221165,"[-0.059800381984578974, -1.198146853021316, -1.2362047686703528, 0.43529759348911834, 0.701308133621521, -0.5805801498669063]",3000,50
wide_mutation,19,20270934,0.257743580445178,"[-0.29442209625249294, 1.7307406917819468, -0.2952228496435144, 0.5484151421909905, 0.010263690855911806, -0.8601394340122163]",3000,50
wide_mutation,20,20270935,0.15247853775526804,"[0.43032857593222174, 0.46106051879751114, 0.026355863265754342, -0.3325332501321596, 0.7634584788385939, -0.09530094701311477]",3000,50
fine_mutation,1,20280916,0.12484984673160504,"[-0.20586948655644877, 0.38432519586179376, -0.4180529278215981, -0.376576814914792, -0.7487424134702063, -0.0009802569152518315]",3000,50
fine_mutation,2,20280917,0.09990298869473481,"[0.07139163417306067, 0.7320406870426506, -0.5697627500506117, 0.1243749746392936, 0.0014244989695828998, -0.3410357128228274]",3000,50
fine_mutation,3,20280918,0.12398629644454051,"[0.06578574891823713, 0.9194041754195157, -0.21796780950505748, 0.2248073830893987, -0.2822134129296166, -0.19664748907515495]",3000,50
fine_mutation,4,20280919,0.3963560285193088,"[-0.09955908082670145, 0.19795847677814238, -1.1678665697345239, -2.3034268782651925, 1.332414408844125, -0.9579879056390206]",3000,50
fine_mutation,5,20280920,0.10060283626911307,"[-0.1298837184724488, 0.5426687325024933, 0.2424467226357327, -0.7087659382115657, -0.11775231388735218, -0.3474919105738662]",3000,50
fine_mutation,6,20280921,0.10063090959619392,"[-0.43502225407764505, 0.4539497669605276, -0.07782081046860229, 0.21065601098571565, -0.346016773733378, 0.6647278606710112]",3000,50
fine_mutation,7,20280922,0.15243853896264636,"[0.10397969776001276, 0.28285578527787836, 0.13011556440525818, -0.5971403002304151, -0.38242271159279834, 0.700263537196208]",3000,50
fine_mutation,8,20280923,0.09988900293343123,"[0.697609145880816, 0.1476372211079492, -0.3578847353563746, 0.45971888639083175, -0.3662215375133919, 0.12133146125075689]",3000,50
fine_mutation,9,20280924,0.11645200896852477,"[-0.3670365301128977, 0.33086609104600706, 0.4159899571811345, 0.6378175797147896, -0.003049767094758321, 0.3373428173718899]",3000,50
fine_mutation,10,20280925,0.09987335370339682,"[0.09405141382932126, -0.26447023810675185, -0.09346015624391732, -0.5559298929118289, 0.759349956761972, 0.1473260433070176]",3000,50
fine_mutation,11,20280926,0.10002752513132573,"[-0.19713817121921642, 0.2784887542734124, 0.2023957193537947, 0.5250384297432309, -0.02254204255601014, -0.7455299430150338]",3000,50
fine_mutation,12,20280927,0.20663696169104626,"[-0.5029346108019912, -0.4172666388237527, 0.5991993171716388, 1.5797541511737352, 0.8753521466539078, -0.12739927889899538]",3000,50
fine_mutation,13,20280928,0.2032821422301657,"[0.8058006877490471, -0.38757757051836406, 0.3054194124655644, -0.5711521819794667, 1.484057396354297, -0.7183769019405305]",3000,50
fine_mutation,14,20280929,0.1998734981072928,"[1.0286372682691798, -0.06108524831539819, 0.23099467171115468, -1.3640121767152773, -0.915306482578711, -0.4203867419048713]",3000,50
fine_mutation,15,20280930,0.21555495699174246,"[-0.2000472516200184, 0.4980370724216826, -0.988400430527411, 1.171047021991198, -0.2602962170161578, -1.1829079993309497]",3000,50
fine_mutation,16,20280931,0.42980365717593216,"[1.3647551950471735, 2.3050881666331398, 0.6340184016610434, 2.550474709891234, -0.7506723891689059, 1.0112092325980921]",3000,50
fine_mutation,17,20280932,0.10094339929576826,"[0.30109200631770655, -0.40730970188745086, 0.4554661103511231, 0.5831114276401487, -0.43575711546960755, -0.12558961071476232]",3000,50
fine_mutation,18,20280933,0.19987335091933145,"[-0.2149923408148582, -0.03206617484432629, 0.8754166593888055, -1.3697301251005773, -0.2702386782269925, 1.1077075396923457]",3000,50
fine_mutation,19,20280934,0.13435042538653327,"[0.7068719706244964, -0.4988216997414707, -0.18164055412678504, 0.28458912829420524, -0.05155998168485387, 0.2188296994618808]",3000,50
fine_mutation,20,20280935,0.09992735123208044,"[-0.5681352873086858, 0.5640893644603865, -0.3212878117228675, -0.1828171757495178, 0.2357940874299047, -0.4062282928533505]",3000,50
